{
    "loss": 1.3176897764205933,
    "accuracy": 0.8848921060562134
}