{
    "loss": 0.417084664106369,
    "accuracy": 0.9136690497398376
}