{
    "loss": 1.8646446466445923,
    "accuracy": 0.8345323801040649
}